id,source_n,start,end,source_png,category,description,hold_approximation
D_C01,1485,1485,1486,collab/to_limo/066_ref/n1485.png,event,First opened city view with the airborne white-haired fighter; left occluder still receding.,One exposure; join directly to frozen n1484. Small debris already exists. Do not call1486 the first debris of the entire shot.
D_C02,1486,1486,1489,collab/to_limo/066_ref/n1486.png,event,Large foreground debris cluster enters; retain fighter against the distant tower.,"Three-frame sample of debris passage;1497-style pose loops prohibited. Omit intermediate block trajectories, not the1486 cluster onset."
D_C03,1489,1489,1493,collab/to_limo/066_ref/n1489.png,viewpoint_anchor,Transit viewpoint before the dominant cylindrical tower passes the fighter.,"Four-frame discrete composition hold. Background tower motion and minor debris motion are sampled, not reproduced by whole-frame movement."
D_C04,1493,1493,1497,collab/to_limo/066_ref/n1493.png,viewpoint_anchor,Dominant near tower is behind the fighter; city layers have changed relative occlusion.,"Four-frame sample of the passing-tower phase; same flight action, not a claimed new body action."
D_C05,1497,1497,1501,collab/to_limo/066_ref/n1497.png,viewpoint_anchor,Near tower has passed left; final small-figure city composition before acceleration.,"Four-frame hold omits the last intermediate building drift. No manufactured global pan, zoom, body warp, or repeated pose cycle."
D_C06,1501,1501,1502,collab/to_limo/066_ref/n1501.png,transition,"First accelerating approach, still largely warm; full body grows and softens.",Single exposure; preserve source softness. Not a clean enlarged copy of the city hold.
D_C07,1502,1502,1503,collab/to_limo/066_ref/n1502.png,transition,Cooler closer mid-body approach; distinct crop and smear.,Single exposure; cooling begins by this source frame and must not wait until1503.
D_C08,1503,1503,1504,collab/to_limo/066_ref/n1503.png,transition,Large face-and-torso approach smear just before the readable close-up.,"Single exposure; retain actual directional blur, not decorative speed lines around crisp anatomy."
D_G01,1504,1504,1506,collab/to_limo/066_ref/n1504.png,event,Readable face with half-lidded cyan iris already present; hand below frame.,Two-frame hold simplifies eyelid opening from1504 to1505. This is not a newly ignited eye at1506.
D_G02,1506,1506,1507,collab/to_limo/066_ref/n1506.png,event,"Partly opened luminous iris, lid still clipping the top.",Single exposure preserves the eye-opening step.
D_G03,1507,1507,1508,collab/to_limo/066_ref/n1507.png,event,Nearly/full circular luminous iris becomes readable before the hand enters.,Single exposure. Keep hand absent at this frame; do not delay the ring reveal to1508.
D_G04,1508,1508,1510,collab/to_limo/066_ref/n1508.png,event,First visible rising hand at the lower edge; faint blue upper streak begins.,Two-frame sample of the rising hand. Maintain white-cyan eye core; small iris shape differences alone do not require another drawing.
D_G05,1510,1510,1512,collab/to_limo/066_ref/n1510.png,event,"Hand and extended fingers approach the chin; eye fully open, upper streak now a clear cyan band.",Two-frame sample of this real hand-key transition; do not warp G04 fingers into it.
D_G06,1512,1512,1521,collab/to_limo/066_ref/n1512.png,settled_pose,"Settled hand-sign near the cheek, open cyan eye and quiet smile.",Nine-frame limited-animation hold (0.375s) intentionally omits small head/hand drift and city parallax. Source-led light grading may evolve without geometry changes. Optional n1516 composition anchor is separate.
D_S01,1521,1521,1522,collab/to_limo/066_ref/n1521.png,event,Hard cut to high side angle: cropped face at far left and raised joined fingers against roof.,Single exposure; do not prematurely center the face or show a red eye.
D_S02,1522,1522,1523,collab/to_limo/066_ref/n1522.png,event,Face slides fully into the side view with both visible lids still closed.,Single exposure before the lower red-eye reveal.
D_S03,1523,1523,1525,collab/to_limo/066_ref/n1523.png,event,"Lower extra red eye first visible; red top streak appears, main upper lid closed.",Two-frame hold samples side travel and warm-up. Preserve this reveal at1523.
D_S04,1525,1525,1526,collab/to_limo/066_ref/n1525.png,event,"Main upper lid first visibly separates, before the red iris clearly emerges.",Single exposure; avoid importing the fully open1526/1528 eye.
D_S05,1526,1526,1528,collab/to_limo/066_ref/n1526.png,event,Main red iris emerges under the opening upper lid; joined hand stays stable.,Two-frame eye-opening hold; slight camera motion is a declared approximation.
D_S06,1528,1528,1532,collab/to_limo/066_ref/n1528.png,settled_pose,Settled open red eyes and side-angle hand-sign under growing warm flare.,Four-frame settled side-sign hold. n1532 introduces a separately drawn later light/viewpoint sample; no whole-frame camera or body warp.
D_S06b,1532,1532,1537,collab/to_limo/066_ref/n1532.png,viewpoint_light_anchor,"Late settled side-sign sampling its actual stronger red top flare, warmer surface lighting and slightly changed crop.","Five-frame late light/viewpoint hold; body action remains settled. Minor remaining drift and light progression may be approximated by source-led endpoint grading, never a manufactured camera or an early future pose."
D_S07,1537,1537,1538,collab/to_limo/066_ref/n1537.png,transition,Hand blur and accelerated side-angle push begin.,Single exposure; preserve the onset instead of carrying the sharp settled pose across1537.
D_S08,1538,1538,1539,collab/to_limo/066_ref/n1538.png,transition,Closer side-face push with blurred hand crossing the right.,Single exposure; preserve source crop and smear.
D_S09,1539,1539,1540,collab/to_limo/066_ref/n1539.png,transition,"Extreme side-eye smear and red wash, still the side view.",Single exposure; this is not yet the frontal view and not a white/red flat flash.
D_F01,1540,1540,1542,collab/to_limo/066_ref/n1540.png,event,"First frontal, hand-obscured blurred face; dark blue-black image with red eyes.","Two-frame blur-family hold; optional n1541 is a camera/blur intermediate, not a new body pose. Do not brighten to a clear illustration."
D_F02,1542,1542,1543,collab/to_limo/066_ref/n1542.png,transition,Frontal hands assembling/clearing; face and sky readable but hand still blurred.,Single exposure; it bridges the occluded smear to sharp fingertips.
D_F03,1543,1543,1544,collab/to_limo/066_ref/n1543.png,event,First sharp joined fingertips in front of face.,Single exposure before the smile becomes fully readable.
D_F04,1544,1544,1548,collab/to_limo/066_ref/n1544.png,event,Clear frontal sign and fully readable grin against warm sky.,Four-frame hold of quiet expression; minor pullback is omitted. No black halo before1548.
D_D01,1548,1548,1550,collab/to_limo/066_ref/n1548.png,event,First ragged black patches grow behind temple and neck.,"Two-frame sample;1549 has greater expansion, intentionally omitted. The black effect onset remains exactly1548."
D_D02,1550,1550,1552,collab/to_limo/066_ref/n1550.png,fx_phase,Large black halo surrounds the character; warm sky remains upper left and hand rim still present.,"Two-frame FX/composition hold, not a new body action. n1551 matte/rim progression is sampled."
D_D03,1552,1552,1553,collab/to_limo/066_ref/n1552.png,event,Only an upper-left warm sky wedge remains; tiny fingertip/knuckle highlights survive.,Single exposure; do not erase the last small highlights prematurely or call this full black.
D_D04,1553,1553,1554,collab/to_limo/066_ref/n1553.png,event,Bright rim extinguishes; final small upper-left sky sliver and warm lower-face underlight remain.,"Single exposure; this is a light-state transition, not a new body pose."
D_D05,1554,1554,1557,collab/to_limo/066_ref/n1554.png,event,"First fully black background, while structured face, red eyes, hands and warm underlight remain.",Three-frame hold. Never replace the whole frame with black: the character remains visible.
D_D06,1557,1557,1559,collab/to_limo/066_ref/n1557.png,viewpoint_anchor,Late pullback reveals more wrist/forearm while dark sign pose continues.,"Two-frame hold before the cut. n1558 is farther out; that final viewpoint difference is accepted, with an optional anchor listed separately."
