n,id,source_n
1485,D_C01,1485
1486,D_C02,1486
1487,D_C02,1486
1488,D_C02,1486
1489,D_C03,1489
1490,D_C03,1489
1491,D_C03,1489
1492,D_C03,1489
1493,D_C04,1493
1494,D_C04,1493
1495,D_C04,1493
1496,D_C04,1493
1497,D_C05,1497
1498,D_C05,1497
1499,D_C05,1497
1500,D_C05,1497
1501,D_C06,1501
1502,D_C07,1502
1503,D_C08,1503
1504,D_G01,1504
1505,D_G01,1504
1506,D_G02,1506
1507,D_G03,1507
1508,D_G04,1508
1509,D_G04,1508
1510,D_G05,1510
1511,D_G05,1510
1512,D_G06,1512
1513,D_G06,1512
1514,D_G06,1512
1515,D_G06,1512
1516,D_G06,1512
1517,D_G06,1512
1518,D_G06,1512
1519,D_G06,1512
1520,D_G06,1512
1521,D_S01,1521
1522,D_S02,1522
1523,D_S03,1523
1524,D_S03,1523
1525,D_S04,1525
1526,D_S05,1526
1527,D_S05,1526
1528,D_S06,1528
1529,D_S06,1528
1530,D_S06,1528
1531,D_S06,1528
1532,D_S06b,1532
1533,D_S06b,1532
1534,D_S06b,1532
1535,D_S06b,1532
1536,D_S06b,1532
1537,D_S07,1537
1538,D_S08,1538
1539,D_S09,1539
1540,D_F01,1540
1541,D_F01,1540
1542,D_F02,1542
1543,D_F03,1543
1544,D_F04,1544
1545,D_F04,1544
1546,D_F04,1544
1547,D_F04,1544
1548,D_D01,1548
1549,D_D01,1548
1550,D_D02,1550
1551,D_D02,1550
1552,D_D03,1552
1553,D_D04,1553
1554,D_D05,1554
1555,D_D05,1554
1556,D_D05,1554
1557,D_D06,1557
1558,D_D06,1557
