id,package,call,selected,public_prompt_path,sha256,gitblob_sha1,bytes
D_C01,P1,1,True,collab/from_limo/066/batchD_P1/prompts/D_C01_n1485_call1.txt,b6070ac6991dd90ca70c6936a16d22f138809507f4acbb808e85d054e404f26b,0132d7d31cbb6287c688015cb09a3386cdb8e726,1275
D_C02,P1,1,True,collab/from_limo/066/batchD_P1/prompts/D_C02_n1486_call1.txt,6f76dd0c7ff4bdae94066c08bd18a902abeff973d45523160fb46afa96285309,0ba41d3267295eb3a7d86cb47539333e88ae2f50,1249
D_C03,P1,1,True,collab/from_limo/066/batchD_P1/prompts/D_C03_n1489_call1.txt,ab0264fd0b7d3e2f659760f74a7bc5e878785681bf5b858ac1ba8aadb30c337c,e963a9194d969da23b7b015e44ac02a7168a4483,1225
D_C04,P1,1,True,collab/from_limo/066/batchD_P1/prompts/D_C04_n1493_call1.txt,9458da63b70bcc42d58445ac062c1119d14b954d0599e6f3237975f699607f16,0e03c4cbb7dda685792de1dbff41ca2a2e4d44c9,1183
D_C05,P1,1,True,collab/from_limo/066/batchD_P1/prompts/D_C05_n1497_call1.txt,6dddf6423b4641014a0177bb69a5e53016c4ccbdf284d5fc3ad58d6c7260d6a8,d62413c09b7204f0b336dc621de45887b4235cab,1214
D_C06,P1,1,False,collab/from_limo/066/batchD_P1/prompts/D_C06_n1501_call1.txt,c5c71cf0e0e144988220c8c3196f7b3a3232b63561e38b1ae664d003341434dc,cc2f7253b650a39172e55ff6ade7cca4d1a1c429,1133
D_C06,P1,2,True,collab/from_limo/066/batchD_P1/prompts/D_C06_n1501_call2.txt,71956976614061d1f8f98869254512c607cd5b4fd1b1c1a1919ff98501ff116f,883094471101b29ddba213fcb36c8628f20c102b,1020
D_C07,P1,1,False,collab/from_limo/066/batchD_P1/prompts/D_C07_n1502_call1.txt,7a852a49fed515cb72fec4d1ffb5bc833321aeb4b6a5c98c767cea955679dd04,e4420c7e7cd5302e8e3b989396c65d5724dd9c31,1059
D_C07,P1,2,True,collab/from_limo/066/batchD_P1/prompts/D_C07_n1502_call2.txt,ae049549999dcc4514ae5b2548ada65e964a1dd151e2597a12d94377e7613e54,8d790f4389539d7ff19be600e92a5b3f6ddff271,976
D_C08,P1,1,True,collab/from_limo/066/batchD_P1/prompts/D_C08_n1503_call1.txt,e20169ce31ad8658b5db697898f3100a5041aa2704dca0388e89d01cedf8b8d1,6bc4a4097457d0cd21c18a96a4a841306ef31d97,1148
D_G01,P1,1,True,collab/from_limo/066/batchD_P1/prompts/D_G01_n1504_call1.txt,6b7a459ab5135fb1043c9d6246856218a9468b940bac0ad462f41377e96192ca,1ff97d7dcd9aec7d9abaa090e80247b2a3476bfb,1284
D_G02,P1,1,True,collab/from_limo/066/batchD_P1/prompts/D_G02_n1506_call1.txt,9f9ae14df72ae1ed1c5e74cc83f5a7864705f9bb3d2e02c237fa4711159b2852,962095a375e4c1454a2c95a0bf3ddfa9fa6f7f13,1275
D_G03,P1,1,True,collab/from_limo/066/batchD_P1/prompts/D_G03_n1507_call1.txt,664e7254c0a4be31009f8b9e3463641f07259f97dfe99e3689da31bf76343e94,75d605197851e383a0ef51579a43f7a008a37216,1309
D_G04,P1,1,True,collab/from_limo/066/batchD_P1/prompts/D_G04_n1508_call1.txt,5b297b55137a62297cb6859e412eb44bbb725d2b97d740886053f40e71851da7,9803773b4d41749d5ee665beb2dfa0bf9956c015,1348
D_G05,P1,1,True,collab/from_limo/066/batchD_P1/prompts/D_G05_n1510_call1.txt,8975b27ed73489514489799e1058e2078b69f8d81b0a8fd192a80ea6467f74bd,65006586419e10e40aa5219dcaeafde98642d552,1338
D_G06,P1,1,True,collab/from_limo/066/batchD_P1/prompts/D_G06_n1512_call1.txt,32b9ea86faec36f09a7f3b0ee28ec607a654ececdd8eebc7db45aafcea4b64e6,c3e5f47d448558c94885f7a6311dc7290fc03bb8,1444
D_S01,P2,1,False,collab/from_limo/066/batchD_P2/prompts/D_S01_n1521_call1.txt,84eedd84afcdb4eb5ab368ca187da793f81f5419a610369edc90557672c72a4d,4c07f3c8e629ccc336495782d6c991ba53e572f7,1516
D_S01,P2,2,True,collab/from_limo/066/batchD_P2/prompts/D_S01_n1521_call2.txt,b7f9f796d9ef599dc01b9492858f053414b3d5585f60c112b8f8b24deeb894a9,0302076ef8f239455f3a9f8b19c72b04a09fd045,1928
D_S02,P2,1,True,collab/from_limo/066/batchD_P2/prompts/D_S02_n1522_call1.txt,1b453df7687891333b220238f871f5038aa69a077d5ea02507bcbcedac06a59c,16edee000ce4ddf4bc351131595addb3488dd455,1572
D_S03,P2,1,True,collab/from_limo/066/batchD_P2/prompts/D_S03_n1523_call1.txt,1545d5cb4d9b124c891bc0c6796b2a51f4d81795a551f761f8142fd631260a75,e15bd83b304b131cbb1d55206995686fd87b20de,1621
D_S04,P2,1,True,collab/from_limo/066/batchD_P2/prompts/D_S04_n1525_call1.txt,d171a77c66f7998e579910bf5a0e8d99bfee6c162d872780b3ee73206bc1d7f4,3037b5a62e4c54061e75288c448bda70d99dea6b,1593
D_S05,P2,1,True,collab/from_limo/066/batchD_P2/prompts/D_S05_n1526_call1.txt,4fc83b3a4db7c791342894a0b3695610a295bd6596d0120e66bdafb67d0cb14d,ecec367a245217329288e40ff7d1302735185e75,1601
D_S06,P2,1,True,collab/from_limo/066/batchD_P2/prompts/D_S06_n1528_call1.txt,f59a905edf3738e2c9b78ae979327bd022de3c0d49f5186028c7516aa096afa7,06b31b243d5cf4cc047a29f0640b9b90de0dda00,1639
D_S06b,P2,1,True,collab/from_limo/066/batchD_P2/prompts/D_S06b_n1532_call1.txt,166d1c0e8c144db8d60f7a1b2f4a7ca1f9a4df53dd2ded413bb5ac082f61edd5,ccea93f07d45e3d6175368a07a7a56b21dfc2486,1955
D_S07,P2,1,True,collab/from_limo/066/batchD_P2/prompts/D_S07_n1537_call1.txt,f4c4b7e41e6b340a7a9ae54733e423a82c4963742a400088b7e49d0fc9cbde35,4369e63bdd29b510a41f66b8bd6bac2a6ff89044,1654
D_S08,P2,1,False,collab/from_limo/066/batchD_P2/prompts/D_S08_n1538_call1.txt,34d6eb082a1e5c063e55db3fc076751bc2c20b014d24eb747ae50998862c9957,67a9d8669505e83ad84847a9ed04de25327c1820,1723
D_S08,P2,2,True,collab/from_limo/066/batchD_P2/prompts/D_S08_n1538_call2.txt,98c121a30cb066cf8f7f63eccb5cc5c769685fd60af25863ca8d2dd693bbe689,271e2827d58387ff56496cbcfc852d2da9ced28f,2413
D_S09,P2,1,False,collab/from_limo/066/batchD_P2/prompts/D_S09_n1539_call1.txt,6ce916891ac9d2b6ba9dd6b01995ee28bc0feb49c07b4570f01cff00f1683692,f39736d07e7678b7381c8dc6dd8dccbb79e4e704,1762
D_S09,P2,2,True,collab/from_limo/066/batchD_P2/prompts/D_S09_n1539_call2.txt,44c0a34ee2b75f9da3c420a7a1af87b384f7267777a30bef8184701bfa991330,e9680fbebd84870038bd37160be1d4e5858beb40,2488
D_F01,P3,1,True,collab/from_limo/066/batchD_P3/prompts/D_F01_n1540_call01.txt,c06b41e593e3b596924f3109eee3567bc549ef83ac053b877a7118e26cbd7ccb,5334793ee0373e368c565c9495627b7468d345a2,1217
D_F02,P3,1,True,collab/from_limo/066/batchD_P3/prompts/D_F02_n1542_call01.txt,bbab01c9cf619ee58c967e6f89d442bfa4e375a4f4f9cf1c5c1b0ac4d2de5e2d,b5e50aa914478adfc15724a3927cce6a6b002402,1494
D_F03,P3,1,True,collab/from_limo/066/batchD_P3/prompts/D_F03_n1543_call01.txt,2e940d1913ce67404f41833117f512785b21234d8600af670533f81ab5725dff,f5aaa0fdbf25ae9647910a7152d0b724294b9720,1565
D_F04,P3,1,True,collab/from_limo/066/batchD_P3/prompts/D_F04_n1544_call01.txt,094040d5e07a6b4aa69182ca266d9602872d09be9821819a78b7e145086430cb,7aee1cfad15d9a7841b2bb010b1b33fdd215d84c,1493
D_D01,P3,1,False,collab/from_limo/066/batchD_P3/prompts/D_D01_n1548_call01.txt,607ea01b834f02344c96c8f7c63ed97ca08efa63b2abafb5e9ea88ac9c2f9d30,26c972375ba4db5357b12593b8de8939cb8a8e74,1576
D_D01,P3,2,True,collab/from_limo/066/batchD_P3/prompts/D_D01_n1548_call02.txt,30203386d1e9c6a34c05ec23b8a9af7828669da2ad7dafff2d4863b6f93853a3,13fe799ced9186f4f9dfda6624ca10b06620e763,1702
D_D02,P3,1,False,collab/from_limo/066/batchD_P3/prompts/D_D02_n1550_call01.txt,ed47f7f3864f24c9363b8921ffc9aeaf4e6e046cb03b36b8f5fcad149c7ec326,43ce16e88e42498219ce007c8e0273e3c08fb9f1,1593
D_D02,P3,2,True,collab/from_limo/066/batchD_P3/prompts/D_D02_n1550_call02.txt,2139b0d54395f233bf0be41cf47f67c77d502d31772d93d37e75bc04e410bedb,c5db01c2c89dfcbec535661c00a010c81c74aff5,1719
D_D03,P3,1,True,collab/from_limo/066/batchD_P3/prompts/D_D03_n1552_call01.txt,3efb1f08cc8a7867726e77df2dd40b9f7b8b69d505d9053a966e3321c263e770,c66baceaeef0baae5da26171361d3df1b7b08f00,1661
D_D04,P3,1,True,collab/from_limo/066/batchD_P3/prompts/D_D04_n1553_call01.txt,42eae93202a0a3a23d8e2be95b08d7d6f75ea9b519150d8171c8274824a944a1,e4402fedbb8c77880ec05fa026b84350a5b24e0d,1635
D_D05,P3,1,True,collab/from_limo/066/batchD_P3/prompts/D_D05_n1554_call01.txt,a149d074898a4b2a36a0b453b054eacc2dc75ceea43a738353dc93c26d436ebf,4bfcd99ea2e6407b13c59378dd482b1f1b4092d6,1692
D_D06,P3,1,True,collab/from_limo/066/batchD_P3/prompts/D_D06_n1557_call01.txt,6d7ab68a52132ca7942f4f298b63af76e1c2bcda38db16401a247458ad3e0aac,dd13022dd52ab8441b6479319da1eda9f125a290,1763
