id,package,source_n,start_n,end_n,exposure_frames,source_width,source_height,source_sha256,source_gitblob_sha1,selected_width,selected_height,selected_mode,selected_sha256,selected_gitblob_sha1,selected_bytes,selected_call,call_count,rejected_candidate_count,selected_prompt_path,selected_prompt_sha256,verdict,finding,residual
D_C01,P1,1485,1485,1486,1,2560,1440,67bfd91e0cae37a586bc11a64df049f6b23274437c500a3c03622cce90c2c1d4,57162333403e2352c477c4e5bd3e2f8075a04d5c,1672,941,RGB,c9a023da81074bb1f73ad6bc132f31c4eecf65711c5a0e098524b99c92a440b5,c465197168aa384ae8b9dbcd5d8706bad9f5ebf0,1460829,1,1,0,collab/from_limo/066/batchD_P1/prompts/D_C01_n1485_call1.txt,b6070ac6991dd90ca70c6936a16d22f138809507f4acbb808e85d054e404f26b,conditional_pass,"City composition, left occluder, airborne figure and existing small debris retain the source layout.","Warmer, clearer clouds; distant character and building motion remain limited-animation samples."
D_C02,P1,1486,1486,1489,3,2560,1440,ae92b3b72ecbf3080cff5f566f3e6babd0eab607e8c26fc7f0c5c9c106b4536e,3bc16321bcd5231f2c9a5ddf271845b6668e5c09,1672,941,RGB,2dc626cba9eb2c7cf2bcd01240b1be7c690462c827cfb485eece8c33b32a2444,05f5d20e73f204e35a7182227d68fafef63bf0f6,1399322,1,1,0,collab/from_limo/066/batchD_P1/prompts/D_C02_n1486_call1.txt,6f76dd0c7ff4bdae94066c08bd18a902abeff973d45523160fb46afa96285309,conditional_pass,Large foreground debris cluster appears with the actual changed city composition and intact fighter.,Three-frame discrete debris hold intentionally omits intermediate trajectories.
D_C03,P1,1489,1489,1493,4,2560,1440,4355242c53e99b029e73387b22ea5a27a2eaef3156d1a5450b5f1f81e3359129,47ae0954e286a2d4b1cf5aa7dc950a3a901a2d1b,1672,941,RGB,d5c3373a4743db640b242fe7d9b4b192b461d5c0f14bfe8efc42de076ba23442,a7f705466cb2c886755585e28dc86a5e1b2b6337,1503857,1,1,0,collab/from_limo/066/batchD_P1/prompts/D_C03_n1489_call1.txt,ab0264fd0b7d3e2f659760f74a7bc5e878785681bf5b858ac1ba8aadb30c337c,conditional_pass,Transit tower arrangement and figure screen position match the actual source view.,Slightly sharper debris/building edges; four-frame viewpoint sample omits drift.
D_C04,P1,1493,1493,1497,4,2560,1440,581da99c776631b9e157040aa810bda1d3c86b7ac395139f41aaa65f6e8cc0f3,3d588b5a19c6d2f16990ebdac1c1e34cb60d393a,1672,941,RGB,a84916e56b748ec3e76260b887cde4492a3046a996f0f7bf111cd9fe05c39a4d,366726a223d0176e78548bb24ced6324b8acedca,1546136,1,1,0,collab/from_limo/066/batchD_P1/prompts/D_C04_n1493_call1.txt,9458da63b70bcc42d58445ac062c1119d14b954d0599e6f3237975f699607f16,conditional_pass,Dominant near tower has moved behind the fighter; relative occlusion and airborne silhouette are preserved.,Four-frame held composition; background details are stylistic redraws.
D_C05,P1,1497,1497,1501,4,2560,1440,6c4db8a2bdbce4b05a84ac97fbd64ee500eb03b57d5555673b5ea538ea5de73e,e43f1a84f1831213c2b88e40e47e4cf7448deee3,1672,941,RGB,9f58598f3e07d2a5a64ee0299c286aecb381802cdd9a3f74ef123d028b68ec5e,4a68fb2cfd00bf2fc5a330eadfcd9aff15196d82,1636023,1,1,0,collab/from_limo/066/batchD_P1/prompts/D_C05_n1497_call1.txt,6dddf6423b4641014a0177bb69a5e53016c4ccbdf284d5fc3ad58d6c7260d6a8,conditional_pass,Passed-left tower and final small-figure view are preserved before the approach.,Warmer red cloud/building light; ordinary surfaces remain eligible for source-led grading.
D_C06,P1,1501,1501,1502,1,2560,1440,802cd5767b9b14c8c7c36e903db79347c1690a66c70c3b21cc3f95f62327c1db,2834ad65dba5e970af6929632e9a8660e65aeb6d,1672,941,RGB,7db6e8da9aaaa1d50a4cc222c57d244c3049c1954421f003478bdbb4950c1bea,814a41f3daf9cc94473876e919388d2974a1341a,1384114,2,2,1,collab/from_limo/066/batchD_P1/prompts/D_C06_n1501_call2.txt,71956976614061d1f8f98869254512c607cd5b4fd1b1c1a1919ff98501ff116f,conditional_pass,"The actual larger full-body approach view is retained, distinct from city holds and the following tighter view.",Figure contours are cleaner and shadows cooler than the soft warm source; verify the single-frame focus/color transition in photography without invented geometry.
D_C07,P1,1502,1502,1503,1,2560,1440,fdb0f52605a5e7115743c05d95408b3b323a65af623ba418d53aee324b2265a9,cf2a3ca10bd554d910a07974afd9d640d72fa8a5,1672,941,RGB,03fb48bf1d36c7db5a516d4b3abde4bcbae49bd69b30dcb32f67925d3588cbd9,8f622fc09347379cd1ebe974a8114103b6440262,1264526,2,2,1,collab/from_limo/066/batchD_P1/prompts/D_C07_n1502_call2.txt,ae049549999dcc4514ae5b2548ada65e964a1dd151e2597a12d94377e7613e54,conditional_pass,Closer cool approach crop and directional edge smear remain distinct from n1501 and n1503.,Some cel contours are crisper than the source blur; no new anatomy is required and no static redraw request is warranted before playback review.
D_C08,P1,1503,1503,1504,1,2560,1440,37b889b9cf533ed34d41778c023b0cede7e720a12e969dcec9e0166adeb9cbf3,fa2dad23d3b574ff21bd5796e2f5bddf54d08a62,1672,941,RGB,738d935fd748bceaf997e579a4bb2f2b90d46f3efaa4c78b46db2da2b128b992,516bf50a29498b88487d9301948da9d750e84dd2,1274264,1,1,0,collab/from_limo/066/batchD_P1/prompts/D_C08_n1503_call1.txt,e20169ce31ad8658b5db697898f3100a5041aa2704dca0388e89d01cedf8b8d1,conditional_pass,Large face/torso crop and genuine directional smear are retained; this is not a clean figure with decorative speed lines.,Smear distribution is a drawn interpretation; inspect the one-frame approach transition in sequence.
D_G01,P1,1504,1504,1506,2,2560,1440,34e38cd927dfaf70722bc757769ad32e35c41b6cd4b8361be4040899aff56865,a62510174a1148ba23040d7422418ca1d2b54afa,1672,941,RGB,8b1625f24155411f4fd9edc44a7a1b42e1947a734203fcd7b9d4a600b8ad01f4,ce246380b9c1998c1de4708c6aef2938f36a166e,1557885,1,1,0,collab/from_limo/066/batchD_P1/prompts/D_G01_n1504_call1.txt,6b7a459ab5135fb1043c9d6246856218a9468b940bac0ad462f41377e96192ca,conditional_pass,Half-lidded cyan iris already exists at n1504; hand stays below the frame.,Ordinary face/hair surfaces are brighter and cooler; protect eye core selectively during grading.
D_G02,P1,1506,1506,1507,1,2560,1440,1b1eaccbe117a14e05cf8e706e898897491b2f085c67b834e013210ede0fefdb,64e9374292d76fcd8c9d7d56f5ecf0ff54211051,1672,941,RGB,41446c566ddd6e58eed944073b68adba0de99eb39506c8bf66bc63dcf67d0cbc,d8ec5952831e193e426245b494ec88f6812204b8,1543391,1,1,0,collab/from_limo/066/batchD_P1/prompts/D_G02_n1506_call1.txt,9f9ae14df72ae1ed1c5e74cc83f5a7864705f9bb3d2e02c237fa4711159b2852,conditional_pass,Partially opened luminous iris remains clipped by the upper lid; hand is absent.,Drawn eyelid and iris microshape differ slightly; preserve distinct eye-opening exposure.
D_G03,P1,1507,1507,1508,1,2560,1440,e88b065dad2bb9c6b9c7abcc37e170312807d44091ecc6a249c3b6fa9a37d15e,2cb5975254de727ec6bf4affcee427eabd9a8190,1672,941,RGB,b50cf03f3e76b7deee3e49c6e13c415a28b5b73e90539f7ae77ab86caf362715,e02a26210ef22c4ba3bf283f1cbe5c5510f0e9eb,1446986,1,1,0,collab/from_limo/066/batchD_P1/prompts/D_G03_n1507_call1.txt,664e7254c0a4be31009f8b9e3463641f07259f97dfe99e3689da31bf76343e94,conditional_pass,Readable cyan-white ring appears at n1507 with upper-lid clipping and no premature hand entry.,Minor iris texture differences are acceptable; avoid suppressing the white core to match global mean.
D_G04,P1,1508,1508,1510,2,2560,1440,77d93689acbb071f9e94ac5edfe57addeb3a2ac7dfc40c93a92378e7669b79aa,90f8f82e45d2750b21fab5181b3ddf2e557580cd,1672,941,RGB,77ac376d48c6362403be0b04fe23e0834f837dcdf11add583ff64671fcbcdfd8,74db4aefa31514680a401bf2b9502d6df7a9bf2a,1455288,1,1,0,collab/from_limo/066/batchD_P1/prompts/D_G04_n1508_call1.txt,5b297b55137a62297cb6859e412eb44bbb725d2b97d740886053f40e71851da7,conditional_pass,"First rising hand is present only at the lower edge at n1508, with open white-cyan iris and source-specific face crop.",The early top blue streak is faint; preserve its weak onset rather than importing the strong later band. Ordinary face/hair surfaces are brighter and should remain gradeable.
D_G05,P1,1510,1510,1512,2,2560,1440,850d0b2591f96df5b3785b401d3f11c1c6fe058f19a53f775e5dbfef2f2722cb,f214cfa77a2431384eaaad1e78e6f2124f09faab,1672,941,RGB,3b770cd580c86428702e996837d2e74843258651ddfdc79b2c5aabeadfb9dbf5,067e34fa47b87846daf45fdd8836025de73e7d3a,1584760,1,1,0,collab/from_limo/066/batchD_P1/prompts/D_G05_n1510_call1.txt,8975b27ed73489514489799e1058e2078b69f8d81b0a8fd192a80ea6467f74bd,conditional_pass,Actual extended fingers approach the chin at n1510; the upper cyan band is now clearly visible and the eye core remains white-cyan.,"Ordinary face, arm and hand shading is brighter. Keep those surfaces separate from eye/streak effect protection."
D_G06,P1,1512,1512,1521,9,2560,1440,f3db5dc323fc3690b8a791c04d18d614d73c117a86e67e54f589d8f87cc44cbe,913281d2c59728d4df6a47bc11b6de614e996165,1672,941,RGB,e23882fa1049f7993e52dc58b37a7930740179b9b69d6cc7f597b6329c084923,eaad756c31ee73c44f7659a48043edfe9d8d0c1d,1652192,1,1,0,collab/from_limo/066/batchD_P1/prompts/D_G06_n1512_call1.txt,32b9ea86faec36f09a7f3b0ee28ec607a654ececdd8eebc7db45aafcea4b64e6,conditional_pass,"Settled sign near the cheek, open cyan eye, quiet smile and actual n1512 crop are retained.",Nine-frame quiet pose intentionally omits minor drift/parallax. Increased hatching and surface brightness need playback/grade review; source-led endpoint light may evolve without inventing geometry.
D_S01,P2,1521,1521,1522,1,2560,1440,e9ed8208846c0664f888d5aea9a6c7f9e1ed933092acb683fea57199226e41ac,7562143dabcb3987bfe5001c5d0e5ea4bd7d0f3c,1672,941,RGB,4405e0024fa0cd6d53cf3fc2c716d8db24334f695d7af1754c4c2215947f886c,aecd26b50f58f4aa7b8a776a5e58de6a3b4d60ad,1766637,2,2,1,collab/from_limo/066/batchD_P2/prompts/D_S01_n1521_call2.txt,b7f9f796d9ef599dc01b9492858f053414b3d5585f60c112b8f8b24deeb894a9,conditional_pass,"Abrupt high-side cut retains the face at far left, joined fingers and rooftop geometry; no red eye is prematurely shown.",Minor background texture reinterpretation; one exposure only.
D_S02,P2,1522,1522,1523,1,2560,1440,01aeec06ce7aa02927b5b630ab6b3954fed0118c39c34bf2d1d5e2d49e261221,f047cf83f841893370ddb8bb0aeddd83fe23248e,1672,941,RGB,f74a34b5c038853961302720af1fb9b4b97852f3f4054b1b6df0f47c4f45f0a9,9bc7218f40e78099489bbd54debb0d40de4e4cd8,1786049,1,1,0,collab/from_limo/066/batchD_P2/prompts/D_S02_n1522_call1.txt,1b453df7687891333b220238f871f5038aa69a077d5ea02507bcbcedac06a59c,conditional_pass,Face enters the actual side view with visible lids closed and stable joined fingers.,Surface tones are a little clearer; no geometry correction needed.
D_S03,P2,1523,1523,1525,2,2560,1440,b6cf48f88c3c3f3d93727f77464e132d9272225f602e528983cbf7cc5a3f780c,6033fa7c520c6fd31ff086d8539e6dc2276c2a09,1672,941,RGB,821b927da0328b5c6492e94b69400369791e1163631f7ae484210574772354db,bc542f50f7e6932de1f31cb4d10f2a40c5cc32ca,1645270,1,1,0,collab/from_limo/066/batchD_P2/prompts/D_S03_n1523_call1.txt,1545d5cb4d9b124c891bc0c6796b2a51f4d81795a551f761f8142fd631260a75,conditional_pass,Lower red extra eye and top red streak appear at n1523 while the main upper lid remains closed.,Two-frame exposure samples source side travel and warm-up.
D_S04,P2,1525,1525,1526,1,2560,1440,a8d9228270ef5c65af0da7230545987e8e820025079075417d1e5f11508169c6,f38bbd0a5ee8b604e7d5801804a81db71365bf32,1672,941,RGB,1886356e0459e38d97ae397cddf6462c0388024a1c533c08198bea2ab4b21fe0,9e27eff09066a024da9892428d0a62a38f28d6e8,1556677,1,1,0,collab/from_limo/066/batchD_P2/prompts/D_S04_n1525_call1.txt,d171a77c66f7998e579910bf5a0e8d99bfee6c162d872780b3ee73206bc1d7f4,conditional_pass,Upper lid begins separating at n1525 without importing the later fully visible red iris.,Ordinary skin/clothing is brighter than the source; selectively grade surfaces rather than treating them as emissive.
D_S05,P2,1526,1526,1528,2,2560,1440,9037c454803d78d3bc4a934d9af1d413eece7e94f386c4c8bb946830b7cae2e7,f78e6a9e1e4feb098f571548da031691b18579df,1672,941,RGB,1323595db1bb8c6610465d67831f26d1228903708812e3e573b06201dd5ae7ec,45b57d95f73dd2c7a6225153b5bff888a761201d,1576666,1,1,0,collab/from_limo/066/batchD_P2/prompts/D_S05_n1526_call1.txt,4fc83b3a4db7c791342894a0b3695610a295bd6596d0120e66bdafb67d0cb14d,conditional_pass,Red iris emerges beneath the opening lid at n1526; the actual hand-sign and face perspective are maintained.,"Brighter face and hand surfaces; protect red eye/streak only as appropriate, then check temporal light progression."
D_S06,P2,1528,1528,1532,4,2560,1440,4cb64dfc271ea4cd8fb384b304bb6193a1c1d0e7dc683f13be9eee9c676ebd9f,bdae65f75f1ed99488a5c4a800a117dd64e1b5c4,1672,941,RGB,bfc8546132c7510e0346001d91648dbe1188691f5733de22a1c14f3d61494ac8,375a066fcafe7c102d20f071abbddb529ebf4281,1599360,1,1,0,collab/from_limo/066/batchD_P2/prompts/D_S06_n1528_call1.txt,f59a905edf3738e2c9b78ae979327bd022de3c0d49f5186028c7516aa096afa7,conditional_pass,"Settled n1528 pose, open red eyes and source-specific crop retained for the corrected four-frame hold.",Ordinary skin/clothing brightness remains a photography constraint; do not import n1532 red lighting early.
D_S06b,P2,1532,1532,1537,5,2560,1440,a44cd7276af14c79df50e338fa75ed45e2a229141f4701b039c0bb4c38671ae8,383adbdbc66b82ab9dd55cb4a446bc31af4f2f06,1672,941,RGB,b2fa3927a9167511d2d434ac22c3e0d44d15b91febad3f5b3cd243c2bd4097ef,647e9b3d89247d861ee9792493c90a052bbcccb6,1584392,1,1,0,collab/from_limo/066/batchD_P2/prompts/D_S06b_n1532_call1.txt,166d1c0e8c144db8d60f7a1b2f4a7ca1f9a4df53dd2ded413bb5ac082f61edd5,conditional_pass,"Actual n1532 later crop, raised finger location and stronger source-existing top flare are preserved.",Red surface wash and flare are enhanced. Check the n1531-to-n1532 step and final hold endpoint in playback; do not blindly force global means or call the settled pose new body action.
D_S07,P2,1537,1537,1538,1,2560,1440,e996f94257707f17b63a6d525d0054d9f624a46b0822c55769beb48b14ad92bc,bcf3c9b0bc46cbad128ff2b899e988d8af7b82bc,1672,941,RGB,07b9ee2e83f9430ff2e281fcd51a5cdc82edec9982d0e96c15963e308d5d4cdf,15cf0db97b0004afef88e890bed777e95e094214,1580769,1,1,0,collab/from_limo/066/batchD_P2/prompts/D_S07_n1537_call1.txt,f4c4b7e41e6b340a7a9ae54733e423a82c4963742a400088b7e49d0fc9cbde35,conditional_pass,Hand blur begins at n1537 while the side face remains readable; source-specific push onset and red top light retained.,Face contours are somewhat cleaner and ordinary skin brighter; preserve the hand blur and gradual light progression in photography.
D_S08,P2,1538,1538,1539,1,2560,1440,d57a6b420651133b9c74e9c7c715320f74904c3b7c8c160857bbed4a3436da23,d2b7a7f500694d9a7ff77d33d2c0b53bc42db3e0,1672,941,RGB,ca5bbf963b5ae0ecd82751550a2f879b35d4b0c1795087dce73afee013163a8a,f6497e604d63fe8545e82ee52a2fcefc450947a0,1356415,2,2,1,collab/from_limo/066/batchD_P2/prompts/D_S08_n1538_call2.txt,98c121a30cb066cf8f7f63eccb5cc5c769685fd60af25863ca8d2dd693bbe689,conditional_pass,The next tighter side-face crop and broad blurred hand across the right are present.,"Stylized smear and strengthened red wash require sequence checking; this is still a side view, not frontal."
D_S09,P2,1539,1539,1540,1,2560,1440,828535384817100295f572b8507a550cf6b9ce7db351157abbd5f076923eaee1,bc8af327885214e54200ff834fe42d32790b44da,1672,941,RGB,069d2f3d52ad91eba273df5a06d029abb8668ad188acf1835467a94e171942f3,da67c1b4731e2740449e25b831c1d47ccdbea7be,1236179,2,2,1,collab/from_limo/066/batchD_P2/prompts/D_S09_n1539_call2.txt,44c0a34ee2b75f9da3c420a7a1af87b384f7267777a30bef8184701bfa991330,conditional_pass,"Extreme side-eye crop, red wash and broad horizontal smear remain at n1539, before the frontal view. The frame is not a flat flash.",Some black contours remain firmer than the original blur; inspect the single-frame transition at 24 fps without reconstructing crisp anatomy.
D_F01,P3,1540,1540,1542,2,2560,1440,1dc7aa64cc4d7c3d313ae018ac8cd989fe7dcca6b55f01f348073d10be8b8cd1,92fc02741f2caf2080dd0d260aced541d928ed5a,1672,941,RGB,023027d580fbaca887a24b265fa76070cf77a51fbacfdde4599bdeeb23a1fbbc,2dd1a5859fd48dfe85a9d1ad2f93098deb2d01d5,1465616,1,1,0,collab/from_limo/066/batchD_P3/prompts/D_F01_n1540_call01.txt,c06b41e593e3b596924f3109eee3567bc549ef83ac053b877a7118e26cbd7ccb,conditional_pass,First frontal hand-obscured image remains dark with red eyes and directional smear; no clean hidden anatomy is reconstructed.,Source softness is interpreted as scratchy directional ink smear. Photography must not sharpen it into a clean illustration.
D_F02,P3,1542,1542,1543,1,2560,1440,777165c8acf61d0967c5fb5d2edced993d2484514bee42b9ccb8ad14857f5107,1f14bf70dc4e60874489659c21fc45f385118791,1672,941,RGB,e04a9b92e401eaa45bbf1a521c7c8ad007ec10b2885cdc19dc713a5eaf0cbcb5,f69e49a8b1898061fae3882b73f0745795159141,1358434,1,1,0,collab/from_limo/066/batchD_P3/prompts/D_F02_n1542_call01.txt,bbab01c9cf619ee58c967e6f89d442bfa4e375a4f4f9cf1c5c1b0ac4d2de5e2d,conditional_pass,Actual frontal view clears while the assembling hands remain visibly blurred.,Hand warm highlights are somewhat stronger; preserve the blur-to-sharp transition at the next exposure.
D_F03,P3,1543,1543,1544,1,2560,1440,c10c3850cca0581a4275485bfc67a6f144a91bfb011c947ef793b3416c31d4a9,6d178e101287ca694771d33a5347c73a2625e862,1672,941,RGB,6a4dcb73b26f38eb1ac8ac3e5dfd61af36a822c39fceb329f11ca2fd6cbe16d2,054e6390514bf31332710520572b7116e88eff25,1457568,1,1,0,collab/from_limo/066/batchD_P3/prompts/D_F03_n1543_call01.txt,2e940d1913ce67404f41833117f512785b21234d8600af670533f81ab5725dff,conditional_pass,Joined fingertips become sharp at n1543 while the expression is less fully revealed than n1544.,Minor ink/hatching differences do not change hand identity or onset.
D_F04,P3,1544,1544,1548,4,2560,1440,a2e7714bf9938a08120215833a91c631b6afdc1a337eb462d7356cdb9da7f0c4,84bcf28806fbc22b5720a70dc1dba6bca7469dd1,1672,941,RGB,94bd3ef7e59f643adc1c3eeb049e1056e85c5aad23a23b16a8a339ef13a5244b,4d72af1acc06838ce4ef46f58e5beca1cec38e97,1482950,1,1,0,collab/from_limo/066/batchD_P3/prompts/D_F04_n1544_call01.txt,094040d5e07a6b4aa69182ca266d9602872d09be9821819a78b7e145086430cb,conditional_pass,Fully readable grin and frontal sign occur at n1544 against warm sky with no premature black halo.,Four-frame quiet hold intentionally omits a small pullback; ordinary surface lighting can be graded.
D_D01,P3,1548,1548,1550,2,2560,1440,0cb724aa714f017bac5b0f25de5c2745871244326840ec16fff063eeeb124511,54a728a562668a7514d92032163976b41b9818f3,1672,941,RGB,16ea15d2a97c07922284d58151ebc7af6b1956ea89f4c3be59a2bdcf17dcf0b5,e36db36026316b9fef8968793dabe7a2addc504b,1499817,2,2,1,collab/from_limo/066/batchD_P3/prompts/D_D01_n1548_call02.txt,30203386d1e9c6a34c05ec23b8a9af7828669da2ad7dafff2d4863b6f93853a3,conditional_pass,Ragged black patches first appear behind temple and neck at n1548 in the actual source crop.,"Two-frame sample omits n1549 expansion; keep the effect onset fixed, not faded in early."
D_D02,P3,1550,1550,1552,2,2560,1440,ed8459e887306a0fc4b78a48f57e49a2c9c340e53e5c3eabac2f448f9085d4ed,1ba99c80f5e0a89dd6dcaff7a0dc633a575f7d9f,1671,941,RGB,aad6b08f0e017a2796839155621e0f58ec3f023816554788cc201b006d86cbcb,ebb93636b62627bb289a2554a5a8c9afc26a0cfc,1354858,2,2,1,collab/from_limo/066/batchD_P3/prompts/D_D02_n1550_call02.txt,2139b0d54395f233bf0be41cf47f67c77d502d31772d93d37e75bc04e410bedb,conditional_pass,Large black halo and upper-left remaining sky retain the source occlusion boundary; hand rim remains on.,Native width is 1671 pixels. Add one compositor edge column without nonuniform resizing; preserve generated bytes.
D_D03,P3,1552,1552,1553,1,2560,1440,15484468b3e06a56043ca36d9ac04b8f4c3ed2186facf418763c6370296e08cf,67e32fa42ff66c8dc709c7a5c478de3b3d3f7b1c,1672,941,RGB,59bcc00ea9318875dd56639e1fb2caaa4ce21738b298c8ab83797bf28944dfdf,7e9e81e066975b2f172bf75e0f9373949a6fe06a,1081517,1,1,0,collab/from_limo/066/batchD_P3/prompts/D_D03_n1552_call01.txt,3efb1f08cc8a7867726e77df2dd40b9f7b8b69d505d9053a966e3321c263e770,conditional_pass,Small upper-left sky wedge and tiny fingertip/knuckle rim highlights survive at n1552; visible face and hands remain structured.,Do not extinguish the residual white fragments early or label this fully black.
D_D04,P3,1553,1553,1554,1,2560,1440,d1af4016d51dfa0487dfa4053b4fef54ca948a1b4411329144b41d4c0cb9059e,bd9cd651f9a8a52b3a0002bfe3fa3bd97ee63619,1672,941,RGB,08eaefe539fa542e22166033afdf686f66e51e2fd2bcae4fc5b0e2484dcecc82,3703ec11b3fb31daaa00b6b6f87dbe0430e880f9,1023563,1,1,0,collab/from_limo/066/batchD_P3/prompts/D_D04_n1553_call01.txt,42eae93202a0a3a23d8e2be95b08d7d6f75ea9b519150d8171c8274824a944a1,conditional_pass,Bright hand rim is off at n1553 while a small upper-left sky sliver and warm lower-face underlight remain.,This is a light-state sample; preserve remaining sky until the next exposure.
D_D05,P3,1554,1554,1557,3,2560,1440,f1bd7c25c063aebf70999c4b27549591eee60cd25d486689bea5c815e3642f37,f5cf47f9748fa175bda0a33f4207362649518e62,1672,941,RGB,bd33ba1500256b4e460d988ae31a7b9c5a59b02859ebadfc115a5a947ca3690d,7daff2f0a6871705d2965ba097ca78654a20a0f1,1112569,1,1,0,collab/from_limo/066/batchD_P3/prompts/D_D05_n1554_call01.txt,a149d074898a4b2a36a0b453b054eacc2dc75ceea43a738353dc93c26d436ebf,conditional_pass,"Background first becomes fully black at n1554; red eyes, hands, linework and underlit face remain visible.","Lower-face/hand/clothing surfaces are brighter than source but gradeable. Do not protect all warm skin as glow, and never black out the person."
D_D06,P3,1557,1557,1559,2,2560,1440,62b29a514cee8d42e1f4e6c4cb76908a5a7c2e29f69ba16c8f06fb4a092fb932,ae5aae4227cac1919f6b8abaaf2c0d222ad2b765,1672,941,RGB,14217cac67215a7d20ec037d0f806d4fabf7acd96758d545f1261d63382f856f,fff27303d72588542285b9e8b25357bd25962009,1090773,1,1,0,collab/from_limo/066/batchD_P3/prompts/D_D06_n1557_call01.txt,6d7ab68a52132ca7942f4f298b63af76e1c2bcda38db16401a247458ad3e0aac,conditional_pass,Late farther viewpoint reveals additional wrist/forearm and keeps the structured dark sign pose on black.,Warm surface underlight is enhanced; n1558 farther pullback is intentionally omitted by the two-frame hold.
