id,source_n,start,end,exposures,group,geometry,camera,drawing_kind,reason,hold_approximation
P1,1411,1411,1412,1,P,own_source_frame,none,new_drawing_state,硬切进入深色楼面近景；保留青色边光与大片遮挡。,
P2,1412,1412,1413,1,P,own_source_frame,none,new_drawing_state,塔尖/楼体边缘迅速揭示，取景显著不同。,
P3,1413,1413,1415,2,P,own_source_frame,none,new_drawing_state,完整尖顶首次建立，近景屋面比例最大。,n1414塔体缩小、塔尖下移与城市揭示作一帧离散取样；不伪称同一视角，不用假运镜补。
P4,1415,1415,1416,1,P,own_source_frame,none,new_drawing_state,未显露人物的最后一个清晰塔尖视角。,
P4b,1416,1416,1417,1,P,own_source_frame,none,new_drawing_state,宿傩首次在塔尖后露出头肩/双臂；不能延用无人楼面。,
P5,1417,1417,1419,2,P,own_source_frame,none,new_drawing_state,头肩与双臂清楚越过塔尖。,n1418城市视差与身体大小变化被低频采样；不补造中间动作。
P6,1419,1419,1421,2,P,own_source_frame,none,new_drawing_state,人物膝腿完整离开塔尖，进入腾空。,n1420同一腾空姿态和连续城市视角被采样。
P7,1421,1421,1423,2,P,own_source_frame,none,new_drawing_state,腾空轮廓清楚，楼尖在人物右下退去。,n1422同姿态轻度靠近和城市视差被采样。
P8,1423,1423,1425,2,P,own_source_frame,none,new_drawing_state,腾空后段，人物更近，青色楼缘已降低。,n1424同姿态缓进；不伪称该帧是同一真实视角。
P9,1425,1425,1426,1,P,own_source_frame,none,new_drawing_state,身体开始转向/收拢，脸不再保持前段正面腾空轮廓。,
P9b,1426,1426,1427,1,P,own_source_frame,none,new_drawing_state,后背转出、躯干进一步竖转且拖影增强；是翻转动作中间位。,
P10,1427,1427,1428,1,P,own_source_frame,none,new_drawing_state,背身趋近竖直，头部/下摆上下关系不同。,
P10b,1428,1428,1429,1,P,own_source_frame,none,new_drawing_state,翻转中的头/背轮廓更低，长向拖影和身体方向改变。,
P11,1429,1429,1430,1,P,own_source_frame,none,new_drawing_state,手臂/衣袖上翻的模糊翻身位，保留真实拖影。,
P11b,1430,1430,1431,1,P,own_source_frame,none,new_drawing_state,躯干继续回转、重心下压，连接下一帧前倾俯身。,
Q1,1431,1431,1433,2,Q,own_source_frame,none,new_drawing_state,俯身朝镜头接近，仍处于重拖影。,n1432沿同一前倾位靠近；容许一帧缓动/视差采样。
Q2,1433,1433,1434,1,Q,own_source_frame,none,new_drawing_state,前倾靠近的末个明显模糊姿态。,
Q3,1434,1434,1436,2,Q,own_source_frame,none,new_drawing_state,头发、袖口和裤褶重新清晰，前倾双臂收向身侧。,n1435与n1434同一前倾态，轻度接近可持帧。
Q4,1436,1436,1437,1,Q,own_source_frame,none,new_drawing_state,前倾低头更近，身体/袖口取景明显放大。,
Q5,1437,1437,1438,1,Q,own_source_frame,none,new_drawing_state,最后前倾低头特写位，下一帧手势与脸部方向将突变。,
Q6,1438,1438,1439,1,Q,own_source_frame,none,new_drawing_state,首次蹲身抬脸、双手结印的过渡位；与1437不是推镜关系。,
Q7a,1439,1439,1440,1,Q,own_source_frame,none,new_drawing_state,结印早态：上方拳尚高、两手相对位置未到后段。,
Q7a1,1440,1440,1441,1,Q,own_source_frame,none,new_drawing_state,手/腕相对脸部已经移动，快速推近中出现新的手指重叠。,
Q7a2,1441,1441,1442,1,Q,own_source_frame,none,new_drawing_state,手臂继续放平、手印靠近；保留原计划快速推进单帧。,
Q7b,1442,1442,1444,2,Q,own_source_frame,none,new_drawing_state,结印已近，手与前臂仍有缓慢相对位移；按本帧城市取景。,n1443轻度手/腰变化与视差被采样，不用脸部配准冒充全身刚体。
Q7b2,1444,1444,1446,2,Q,own_source_frame,none,new_drawing_state,较1442上拳/腕下移、前臂角度与腰带暗形不同，城市也改变。,n1445小幅结印缓动被采样。
Q8,1446,1446,1453,7,Q,own_source_frame,none,new_drawing_state,进入结印稳定后段；本帧手印、腰带、城市取景为基准。,n1447–1452结印晚段手/头微变和城市视差作7帧持帧近似；可按源渐暗节奏作不改几何的亮度处理，不伪称整幅刚体。
W0,1453,1453,1454,1,W,own_source_frame,none,new_drawing_state,单帧极近背部线描闪帧；仍有躯干衣褶结构，不是纯白。,
T1,1454,1454,1455,1,T,own_source_frame,none,new_drawing_state,逆视角背身极近景，白袍与楼板层次。,
T1b,1455,1455,1456,1,T,own_source_frame,none,new_drawing_state,人物骤缩、背景反向推进；主体和背景不能用同一相似变换解释。,
T2,1456,1456,1457,1,T,own_source_frame,none,new_drawing_state,背身继续退离，暗楼板平面占比扩大。,
T2b,1457,1457,1458,1,T,own_source_frame,none,new_drawing_state,斩线前最后背身远位，明显小于1456；保留进入斩线的距离节奏。,
L1,1458,1458,1460,2,L,own_source_frame,none,new_drawing_state,首条粗白对角斩线爆发。人物取景按1458；不强令之后各态身体像素固定。,n1459斩线变细、身体小幅退缩被低频采样；可在合成降亮但不假装厚度已逐帧更新。
L2,1460,1460,1462,2,L,own_source_frame,none,new_drawing_state,交叉斜线与右侧线组新增；保留白芯。,n1461同线组变细与身体轻退作为2帧FX采样。
L3,1462,1462,1463,1,L,own_source_frame,none,new_drawing_state,新增近竖直粗斩线与对角交叉；下一帧将再添顶部横斜粗线。,
L3b,1463,1463,1464,1,L,own_source_frame,none,new_drawing_state,顶部横斜粗白斩线首次爆发；原表偶数帧抽样完全遗漏此独立线组。,
L4,1464,1464,1466,2,L,own_source_frame,none,new_drawing_state,下方粗横线首次形成，与前帧顶部爆发分开。,n1465同线网变细；采样亮度/宽度衰减，不重复画同一动作。
L5,1466,1466,1467,1,L,own_source_frame,none,new_drawing_state,左斜线/下横线组合仍在，作为下一次顶部斩线的前态。,
L6,1467,1467,1469,2,L,own_source_frame,none,new_drawing_state,新一条极粗顶部斜横线首次爆发，正好落在原表漏掉的奇数帧。,n1468同线组变细与微小退缩被采样。
L7,1469,1469,1471,2,L,own_source_frame,none,new_drawing_state,线网开始消退，保留尚存下横线。,n1470进一步变暗变细采样。
L8,1471,1471,1474,3,L,own_source_frame,none,new_drawing_state,仅少数细线的末段，身体变暗/失焦。,n1472-1473细线持续衰减；合成可降亮和增柔，但不可把线保留到1474。
L9,1474,1474,1475,1,L,own_source_frame,none,new_drawing_state,白斩线已全部消失；暗蓝人物/楼体仍可见，不是黑帧。,
B1,1475,1475,1476,1,B,own_source_frame,none,new_drawing_state,暗蓝背影与楼体残片开始分离；保留真实软焦。,
B2,1476,1476,1477,1,B,own_source_frame,none,new_drawing_state,碎裂空洞和前景块状遮挡明显出现，人物变软。,
B3,1477,1477,1478,1,B,own_source_frame,none,new_drawing_state,碎片/竖向拖影大幅遮挡人物，不能延用1476。,
R1,1478,1478,1479,1,R,own_source_frame,none,new_drawing_state,红色爆发与强拖影的单帧冲击。,
R2,1479,1479,1480,1,R,own_source_frame,none,new_drawing_state,红光内方块与背影初显，仍模糊。,
R3,1480,1480,1482,2,R,own_source_frame,none,new_drawing_state,碎块和白袍突然清晰，独立深度布局。,n1481碎块/人物/城市的深度变化作一帧取样；保持1482真实遮挡闭合，不用假推拉补。
R4,1482,1482,1483,1,R,own_source_frame,none,new_drawing_state,黑色近前景遮挡从右侧闭合，主体被挤到右缘。,
Z1,1484,1484,1485,1,Z,own_source_frame,none,new_drawing_state,黑遮挡打开一角，右侧城市与粉灰天空真实可见；绝不能程序全黑。,
