id,source_n,start,end,state_class,action,compositing
E07,1293,1293,1294,new action / source smear,Cyan horizontal sweep; figures and background strongly smeared.,Own full-source composition; no fabricated smear or extra same-direction blur.
E08a,1294,1294,1295,new action / source smear,Sweep middle phase; cyan mass and Sukuna silhouette shift.,Own full-source composition; no fabricated smear or extra same-direction blur.
E08,1295,1295,1296,new action,Sukuna face resolves while Gojo remains swept at right.,Own full-source composition; no fabricated smear or extra same-direction blur.
E09a,1296,1296,1298,new action,Cyan punch; Gojo near guard hand still in front of chest.,Own source geometry/crop. Default discrete hold; do not impose a foreground-derived whole-frame camera transform.
E09m,1298,1298,1300,new pose + framing,Gojo guard hand rises toward chin; body/arm arrangement and flame change.,Own source geometry/crop. Default discrete hold; do not impose a foreground-derived whole-frame camera transform.
E09b,1301,1300,1303,new pose + framing,"Settled guarded punch, own flame shape and opponent position.",Own source geometry/crop. Default discrete hold; do not impose a foreground-derived whole-frame camera transform.
E10,1303,1303,1304,new action,Sukuna ducks out; preserve his dark moving silhouette behind the arm.,Own full-source composition; no fabricated smear or extra same-direction blur.
E11,1304,1304,1305,new framing + action,Gojo extended arm; opponent no longer visible in the former position.,Own full-source composition; no fabricated smear or extra same-direction blur.
E12,1305,1305,1306,new framing + action,Push toward Gojo face and retracting/extended arm relation.,Own full-source composition; no fabricated smear or extra same-direction blur.
E13,1306,1306,1307,new action / source smear,"Large curved dark Gojo torso/shoulder crossing lower frame, background sweep.",Own full-source composition; no fabricated smear or extra same-direction blur.
E14,1307,1307,1308,new viewpoint / source smear,Diagonal blue-white whip image; draw this actual obscured transition.,Own full-source composition; no fabricated smear or extra same-direction blur.
E15,1308,1308,1309,new viewpoint + impact,Reverse-view punch hits guarded Sukuna face with bright cyan impact.,Own full-source composition; no fabricated smear or extra same-direction blur.
E16,1309,1309,1310,new viewpoint + impact,"Pullback from hit, arm contact and cyan burst spread.",Own full-source composition; no fabricated smear or extra same-direction blur.
E17a,1310,1310,1312,new action + source defocus,Uppercut aftermath with raised Gojo arm and large cyan-white burst.,Own source geometry/crop. Default discrete hold; do not impose a foreground-derived whole-frame camera transform. Preserve source defocus.
E17b,1313,1312,1315,new full-state geometry,"Gojo arm/torso settles, Sukuna guarding; sparks scatter and view/occlusion change.",Own source geometry/crop. Default discrete hold; do not impose a foreground-derived whole-frame camera transform. Not an FX-only edit of E17a.
E17c,1316,1315,1317,new full-state geometry,Sharper late aftermath; characters separate in screen space; fewer sparks.,Own source geometry/crop. Default discrete hold; do not impose a foreground-derived whole-frame camera transform. Do not retain E17a body placement or blur.
E17d,1317,1317,1318,new viewpoint / crop,Camera approaches Gojo back/arm; Sukuna is cropped hard at right.,Own full-source composition; no fabricated smear or extra same-direction blur. Essential bridge into E18 foreground occlusion.
E18,1318,1318,1319,new foreground occlusion,"Gojo dark torso fills most frame, white trousers lower-right, city sliver at right.","Own full-source composition; no fabricated smear or extra same-direction blur. This is shaped occlusion, not a generic black smear."
E18b,1320,1320,1321,new dark transition state,Near-black dark-blue foreground with faint right-edge streaks and lower-edge diagonal.,Own full-source composition; no fabricated smear or extra same-direction blur. Keep extremely dark; do not brighten for readability or replace by pure black.
E19,1321,1321,1322,new viewpoint / source smear,Reverse reveal through sweeping black torso; fragments of guard and cyan light visible.,Own full-source composition; no fabricated smear or extra same-direction blur.
E20,1322,1322,1323,new action,Gojo near-right back/neck foreground; Sukuna guarded face and glowing hands.,Own full-source composition; no fabricated smear or extra same-direction blur.
E21,1323,1323,1324,new action / source arm smear,Punch buildup with crossing forearm smear in front of guarded Sukuna.,Own full-source composition; no fabricated smear or extra same-direction blur.
B01,1324,1324,1325,independent punch phase / smear,First phase: distinct upper horizontal fist and crossing diagonal foreground arm.,Own full-source composition; no fabricated smear or extra same-direction blur. No loop reuse; preserve anatomical arm count while representing source motion streaks.
B02,1325,1325,1326,independent punch phase / smear,Next phase: upper fist advances; lower pale forearm arc differs.,Own full-source composition; no fabricated smear or extra same-direction blur. No loop reuse; preserve anatomical arm count while representing source motion streaks.
B03,1326,1326,1327,independent punch phase / smear,Diagonal-dominant phase with own arm intersections and sparks.,Own full-source composition; no fabricated smear or extra same-direction blur. No loop reuse; preserve anatomical arm count while representing source motion streaks.
B04,1327,1327,1328,independent punch phase / smear,Retracted/high fist phase; crossing lower arm shape differs.,Own full-source composition; no fabricated smear or extra same-direction blur. No loop reuse; preserve anatomical arm count while representing source motion streaks.
B05,1328,1328,1329,independent punch phase / smear,Upper punch becomes a double-layer smear; not reusable n1324 geometry.,Own full-source composition; no fabricated smear or extra same-direction blur. No loop reuse; preserve anatomical arm count while representing source motion streaks.
B06,1329,1329,1330,independent punch phase / smear,Longer advanced horizontal punch and altered lower arc; not literal n1325.,Own full-source composition; no fabricated smear or extra same-direction blur. No loop reuse; preserve anatomical arm count while representing source motion streaks.
B07,1330,1330,1331,independent punch phase / smear,Diagonal punch path and occlusion differ from n1326.,Own full-source composition; no fabricated smear or extra same-direction blur. No loop reuse; preserve anatomical arm count while representing source motion streaks.
B08,1331,1331,1332,independent punch phase / smear,High/withdrawn fist location and forearm crossing differ from n1327.,Own full-source composition; no fabricated smear or extra same-direction blur. No loop reuse; preserve anatomical arm count while representing source motion streaks.
B09,1332,1332,1333,independent punch phase / smear,Double horizontal extension and crop differ from n1324/n1328.,Own full-source composition; no fabricated smear or extra same-direction blur. No loop reuse; preserve anatomical arm count while representing source motion streaks.
B10,1333,1333,1334,independent punch phase / smear,Closer final barrage frame with larger horizontal fist and foreground crop.,Own full-source composition; no fabricated smear or extra same-direction blur. No loop reuse; preserve anatomical arm count while representing source motion streaks.
E26,1334,1334,1335,hard-cut close-up,Sukuna red-eye extreme close-up behind guard and cyan sparks.,Own full-source composition; no fabricated smear or extra same-direction blur. Preserve abrupt source cut; no interpolation/crossfade.
E27,1335,1335,1336,new extreme framing / red smear,Extreme skin/markings and red foreground streak.,Own full-source composition; no fabricated smear or extra same-direction blur.
E28,1336,1336,1337,new framing + counterattack,Sukuna red-flame forearm sweep; medium view.,Own full-source composition; no fabricated smear or extra same-direction blur.
E29,1337,1337,1338,new action + pullback,Red sweep pulls wider; Gojo blurred moving down/right.,Own full-source composition; no fabricated smear or extra same-direction blur.
E30,1338,1338,1339,new action + pullback,"Gojo low/falling, Sukuna extended red arm; landing not finished.",Own full-source composition; no fabricated smear or extra same-direction blur.
H1a,1339,1339,1340,new landing pose + framing,"Gojo still higher on side, index finger nearly upright; red sweep long.",Own full-source composition; no fabricated smear or extra same-direction blur.
H1b,1340,1340,1341,new landing pose + framing,"Gojo drops/rolls lower; head, forearm, finger angle and legs shift.",Own full-source composition; no fabricated smear or extra same-direction blur. Do not merge with n1339.
H2,1342,1341,1343,new gesture + framing,Gojo wrist rotates toward sideways; source pullback continues.,"Own source geometry/crop. Default discrete hold; do not impose a foreground-derived whole-frame camera transform. Full composition from n1342, not H1 locked-body edit."
H3a,1344,1343,1347,same broad pose / new camera state,Gojo sideways-pointing hand; source settles toward wider view.,Own source geometry/crop. Default discrete hold; do not impose a foreground-derived whole-frame camera transform. Preserve whole-source pullback across state changes; no locked H1 group.
H3b,1348,1347,1351,same broad pose / changed framing + FX,"Late held pose, slightly wider camera, changed red flame.","Own source geometry/crop. Default discrete hold; do not impose a foreground-derived whole-frame camera transform. Similarity fit supports about 1.8% scale decrease from n1344, so not a pixel-locked FX-only edit."
H3c,1352,1351,1355,same broad pose / changed framing + FX,Near-settled widest hold; red flame shortens/changes.,"Own source geometry/crop. Default discrete hold; do not impose a foreground-derived whole-frame camera transform. Similarity fit supports about 1.1% scale decrease from n1348, so retain own reference framing."
H4a,1355,1355,1356,new wrist action / source smear,Gojo wrist/hand snaps sideways; short horizontal smear.,Own full-source composition; no fabricated smear or extra same-direction blur.
H4b,1356,1356,1357,new wrist action / source smear,Gojo hand travels sharply downward; tall vertical smear.,Own full-source composition; no fabricated smear or extra same-direction blur. End B here; no n1357 artwork.
